seed,condition,regret,birth_accuracy,final_accuracy,adaptation_lag,early_10,regret_10,early_25,regret_25,early_50,regret_50,git_dirty
0,ablated,120.64583292567275,0.25173611126633155,0.6999305565246484,,0.6967881947962774,12.128472208148903,0.6933680567502355,30.663194324976455,0.6963194455395246,60.736110892095084,0.0
0,best_fixed,87.77777867753886,0.26493055559694767,0.7972916634701606,,0.7351562495912529,10.593750016349885,0.7460069436657553,25.399305633424472,0.7648958317521546,47.020833649569084,0.0
0,evolved,88.52083419372018,0.26493055559694767,0.7946527749248262,,0.7337673607786807,10.649305568852773,0.7422569436047018,25.774305639529807,0.7637152760483635,47.2569447903273,0.0
0,fixed,110.75694428653352,0.26493055559694767,0.7185069452195118,,0.7282986109364882,10.868055562540475,0.7287847223950342,27.12152776049657,0.727725694663564,54.45486106728721,0.0
0,individual,120.64583292567275,0.25173611126633155,0.6999305565246484,,0.6967881947962774,12.128472208148903,0.6933680567502355,30.663194324976455,0.6963194455395246,60.736110892095084,0.0
0,random,109.38541661068383,0.26493055559694767,0.7244097223169067,,0.7274305555296855,10.902777778812581,0.7288541667654903,27.114583323450965,0.7290104168182653,54.197916636346946,0.0
0,scrambled,105.62500014823551,0.26493055559694767,0.7388888887155595,,0.7288194439542066,10.847222241831737,0.7300347219893916,26.996527801060843,0.7339236107033987,53.215277859320246,0.0
0,shuffled,87.7604175842781,0.26493055559694767,0.7955555526643163,,0.7348090272539088,10.607638909843647,0.7436805545766321,25.631944542336797,0.7658854148285981,46.82291703428038,0.0
1,ablated,120.5138884489942,0.2850694439580871,0.7015625013271347,,0.6991319440227622,12.03472223908951,0.6935416674086203,30.64583325913797,0.697256945221064,60.548610955787204,0.0
1,best_fixed,87.4236121512432,0.27222222345881164,0.7976736079539275,,0.734982638555165,10.600694457793402,0.7481597212971085,25.184027870289153,0.7680034701984065,46.39930596031869,0.0
1,evolved,88.51736206121535,0.27222222345881164,0.7938888857555058,,0.7295138892756464,10.819444428974142,0.7437847217700134,25.62152782299866,0.765138887159992,46.9722225680016,0.0
1,fixed,110.52083327564307,0.27222222345881164,0.7218402784188381,,0.726128472681416,10.95486109274336,0.7294791664229705,27.05208335770294,0.7284548609090659,54.30902781818683,0.0
1,individual,120.5138884489942,0.2850694439580871,0.7015625013271347,,0.6991319440227622,12.03472223908951,0.6935416674086203,30.64583325913797,0.697256945221064,60.548610955787204,0.0
1,random,108.80208334187046,0.27222222345881164,0.7287152780038821,,0.7257812504475523,10.968749982097911,0.7293402773664437,27.065972263355636,0.7300173608262815,53.996527834743674,0.0
1,scrambled,104.1597224272684,0.27222222345881164,0.7443055549688223,,0.7234375004708353,11.062499981166589,0.7306597219831827,26.934027801681722,0.7361979161660808,52.76041676678384,0.0
1,shuffled,89.46180646902778,0.27222222345881164,0.7924305525194439,,0.7300347228883766,10.798611084464937,0.7430555550769592,25.694444492304076,0.7628298594836249,47.43402810327502,0.0
2,ablated,120.28819402007178,0.25555555641444194,0.7019097231406097,,0.6986111104035646,12.055555583857414,0.6953819448982055,30.46180551017945,0.6971875009566753,60.56249980866495,0.0
2,best_fixed,87.13888987355556,0.2361111135687679,0.8028124965779069,,0.728645832659418,10.85416669362328,0.7445486100261203,25.54513899738797,0.7657465259169435,46.850694816611295,0.0
2,evolved,87.63541756689341,0.2361111135687679,0.798124996960784,,0.7253472219324775,10.986111122700903,0.7419444435871103,25.805555641288972,0.7656076371035953,46.87847257928095,0.0
2,fixed,110.20833326581244,0.2361111135687679,0.7213194444827322,,0.7244791666356226,11.020833334575096,0.7286458329659783,27.135416703402168,0.7282812498341729,54.343750033165435,0.0
2,individual,120.28819402007178,0.25555555641444194,0.7019097231406097,,0.6986111104035646,12.055555583857414,0.6953819448982055,30.46180551017945,0.6971875009566753,60.56249980866495,0.0
2,random,109.1319443950326,0.2361111135687679,0.7268055554686321,,0.7231770830306535,11.07291667877386,0.7286111107872179,27.13888892127822,0.729062499857456,54.18750002850882,0.0
2,scrambled,102.89236133116194,0.2361111135687679,0.748055554414168,,0.7256944445673272,10.972222217306909,0.7317013886705455,26.829861132945453,0.7386631941112379,52.26736117775241,0.0
2,shuffled,85.29861214958753,0.2361111135687679,0.8033333297249757,,0.7269965270922208,10.920138916311165,0.7449305545254092,25.50694454745907,0.770885414613359,45.822917077328185,0.0
3,ablated,120.91319401308687,0.18854166763938135,0.6970486128185358,,0.6875868052334732,12.496527790661073,0.6881944447083191,31.180555529168082,0.695954861824349,60.80902763513021,0.0
3,best_fixed,88.12847318696893,0.2166666683430473,0.7942013860680164,,0.7166666662152339,11.333333351390642,0.7395138876616127,26.04861123383873,0.7637499979347921,47.25000041304156,0.0
3,evolved,88.69791771207626,0.2166666683430473,0.7926388861197564,,0.7129340272448543,11.482638910205829,0.734722221042547,26.527777895745302,0.7624131921381276,47.51736157237448,0.0
3,fixed,111.08333324961778,0.2166666683430473,0.7155555569308085,,0.7131944435532205,11.47222225787118,0.7223263878633993,27.767361213660074,0.7269270827217649,54.61458345564703,0.0
3,individual,120.91319401308687,0.18854166763938135,0.6970486128185358,,0.6875868052334732,12.496527790661073,0.6881944447083191,31.180555529168082,0.695954861824349,60.80902763513021,0.0
3,random,109.54166666656319,0.2166666683430473,0.7222569451563888,,0.7131076382938772,11.47569446824491,0.7236805548011842,27.63194451988157,0.7286284716592895,54.274305668142105,0.0
3,scrambled,101.00347259961482,0.2166666683430473,0.7526736105223083,,0.7131076384361626,11.475694462553495,0.7284027770109889,27.159722298901116,0.7413541656194461,51.72916687611077,0.0
3,shuffled,88.20833437791508,0.2166666683430473,0.7939930527471006,,0.7131076384038251,11.475694463846999,0.7358333321495188,26.416666785048115,0.7634722199562627,47.305556008747466,0.0
4,ablated,120.79166637811188,0.23506944445479247,0.6961111125484523,,0.7052951382292021,11.788194470831918,0.7003819446053563,29.961805539464372,0.6971180560067296,60.57638879865408,0.0
4,best_fixed,87.67361214591398,0.23402777960937884,0.7988194411103096,,0.7359374997839849,10.562500008640605,0.7484374985124709,25.15625014875291,0.7638888870133087,47.22222259733826,0.0
4,evolved,87.8680564957257,0.23402777960937884,0.7943402749382787,,0.7320312500620881,10.718749997516474,0.7444444432958133,25.555555670418673,0.7646354150169322,47.07291699661356,0.0
4,fixed,111.04166665812954,0.23402777960937884,0.7165972229300274,,0.7295138887711801,10.819444449152797,0.7319097216525632,26.809027834743674,0.7255555553038397,54.88888893923205,0.0
4,individual,120.79166637811188,0.23506944445479247,0.6961111125484523,,0.7052951382292021,11.788194470831918,0.7003819446053563,29.961805539464372,0.6971180560067296,60.57638879865408,0.0
4,random,107.43055571051728,0.23402777960937884,0.7310416667049543,,0.7301215272487348,10.795138910050607,0.7343055549051819,26.569444509481805,0.7306770829820177,53.86458340359645,0.0
4,scrambled,98.97916719213956,0.23402777960937884,0.7579166655790889,,0.728645833222092,10.85416667111632,0.7373263879213483,26.26736120786518,0.744461804517131,51.10763909657382,0.0
4,shuffled,88.44097316989468,0.23402777960937884,0.7930902748989562,,0.7310763888785409,10.756944444858366,0.7434722210668648,25.652777893313516,0.7631076372668354,47.37847254663292,0.0
5,ablated,120.64583286798249,0.2326388888630188,0.7009027791028428,,0.7013020827434957,11.947916690260172,0.6917361115648721,30.826388843512785,0.6962847232236526,60.74305535526946,0.0
5,best_fixed,87.4687509580205,0.24791666909327936,0.7972222190091593,,0.7387152778230504,10.451388887077984,0.7480555546081935,25.194444539180648,0.7663020816062474,46.73958367875053,0.0
5,evolved,88.03125091155783,0.24791666909327936,0.7935069415977017,,0.7346354165994045,10.61458333602382,0.7430208322617949,25.697916773820502,0.7661284705106584,46.774305897868345,0.0
5,fixed,110.559027662449,0.24791666909327936,0.7197569450648088,,0.7324652773936072,10.701388904255712,0.730173610528517,26.98263894714829,0.7282638889323505,54.347222213529875,0.0
5,individual,120.64583286798249,0.2326388888630188,0.7009027791028428,,0.7013020827434957,11.947916690260172,0.6917361115648721,30.826388843512785,0.6962847232236526,60.74305535526946,0.0
5,random,110.22569433760106,0.24791666909327936,0.7215972227587675,,0.7319444440589804,10.722222237640786,0.7297569439435999,27.024305605640013,0.7284027778440052,54.31944443119897,0.0
5,scrambled,98.72222259899394,0.24791666909327936,0.7578124986832134,,0.7327256944328029,10.690972222687883,0.7366319436631683,26.33680563368317,0.7477083326175085,50.45833347649831,0.0
5,shuffled,88.45138974643002,0.24791666909327936,0.7930555529116342,,0.7335069443668343,10.65972222532663,0.7416319435746926,25.836805642530734,0.7647743039867945,47.04513920264112,0.0
6,ablated,121.10069399078687,0.22951388977364534,0.7012500012603898,,0.6936631940188818,12.25347223924473,0.6894444453788714,31.055555462112856,0.6947916676755994,61.04166646488011,0.0
6,best_fixed,88.05555645479924,0.23819444602769282,0.8010763857332576,,0.7234374994619025,11.062500021523899,0.7415972211863846,25.840277881361544,0.7628993039653222,47.420139206935545,0.0
6,evolved,88.82291749869991,0.23819444602769282,0.7964930526912213,,0.7159722219997396,11.361111120010415,0.7356597215946142,26.434027840538572,0.7610416651405911,47.79166697188177,0.0
6,fixed,111.58680542553257,0.23819444602769282,0.7196527782103254,,0.718489583193635,11.260416672254602,0.7227083333302289,27.729166666977108,0.7241319444599665,55.1736111080067,0.0
6,individual,121.10069399078687,0.22951388977364534,0.7012500012603898,,0.6936631940188818,12.25347223924473,0.6894444453788714,31.055555462112856,0.6947916676755994,61.04166646488011,0.0
6,random,106.34722230904218,0.23819444602769282,0.7383333327067603,,0.7193576383352693,11.225694466589225,0.7267013884485803,27.329861155141973,0.732482638640795,53.50347227184102,0.0
6,scrambled,100.54166701829269,0.23819444602769282,0.7589583323595838,,0.7159722217539739,11.361111129841042,0.7275694439187645,27.24305560812354,0.7410243047284895,51.795139054302126,0.0
6,shuffled,89.26041747107067,0.23819444602769282,0.7958680528681725,,0.7190104161337432,11.239583354650271,0.7377777768324854,26.222222316751463,0.7606944430166752,47.86111139666496,0.0
7,ablated,121.40277731620397,0.20243055580390823,0.7045138901927405,,0.6870659722092872,12.517361111628512,0.6886111117175057,31.138888828249442,0.6931597231874346,61.36805536251308,0.0
7,best_fixed,87.89930651041989,0.21493055736128655,0.7990972193164958,,0.7230902773121165,11.07638890751534,0.745138887497079,25.486111250292097,0.7658854147057153,46.82291705885695,0.0
7,evolved,86.64583433109026,0.21493055736128655,0.7988888862077146,,0.7182291660897641,11.270833356409437,0.7444444429724374,25.555555702756262,0.7690277758209656,46.194444835806884,0.0
7,fixed,111.21180545849104,0.21493055736128655,0.7205555560636437,,0.7190104168257676,11.239583326969296,0.7280208327341824,27.197916726581752,0.727534722042684,54.49305559146322,0.0
7,individual,121.40277731620397,0.20243055580390823,0.7045138901927405,,0.6870659722092872,12.517361111628512,0.6886111117175057,31.138888828249442,0.6931597231874346,61.36805536251308,0.0
7,random,110.88541653938591,0.21493055736128655,0.7239236117237144,,0.7166666665256748,11.33333333897301,0.7259027773824831,27.409722261751693,0.7264930554833781,54.701388903324386,0.0
7,scrambled,105.07291690912098,0.21493055736128655,0.7422569438634026,,0.7172743052360602,11.309027790557593,0.730312499535891,26.968750046410907,0.7372048606837375,52.559027863252496,0.0
7,shuffled,88.5000008600764,0.21493055736128655,0.7960416639482396,,0.7184895833165178,11.260416667339289,0.7408680545321356,25.913194546786446,0.763559026145635,47.288194770873005,0.0
8,ablated,120.31944400010009,0.2767361108627584,0.7018750011325917,,0.6998263888138657,12.006944447445372,0.6917361117770068,30.826388822299325,0.6944618066164873,61.107638676702564,0.0
8,best_fixed,88.06944525102153,0.2524305569370174,0.7977430525856714,,0.7322048608200729,10.711805567197088,0.7442361105104082,25.576388948959195,0.7625520820690629,47.489583586187415,0.0
8,evolved,87.91319536122803,0.2524305569370174,0.7951388859241787,,0.7291666670805879,10.833333316776487,0.7414236105590438,25.857638944095623,0.7640104150412501,47.197916991749985,0.0
8,fixed,110.98958319389365,0.2524305569370174,0.7193750007491972,,0.7259548607010705,10.96180557195718,0.7255555551706089,27.44444448293911,0.7241840276880086,55.16319446239827,0.0
8,individual,120.31944400010009,0.2767361108627584,0.7018750011325917,,0.6998263888138657,12.006944447445372,0.6917361117770068,30.826388822299325,0.6944618066164873,61.107638676702564,0.0
8,random,106.81597228601782,0.2524305569370174,0.7336805554106831,,0.728993054996762,10.84027780012952,0.7294444438716811,27.055555612831895,0.7311458330627324,53.77083338745352,0.0
8,scrambled,104.88888900675293,0.2524305569370174,0.7353124995948748,,0.7252604166019915,10.98958333592034,0.7292708329416605,27.072916705833954,0.7360590274794958,52.78819450410083,0.0
8,shuffled,86.43750101457246,0.2524305569370174,0.7985763857555058,,0.7302083335558159,10.791666657767362,0.743715276936483,25.628472306351696,0.7678993037164522,46.42013925670957,0.0
9,ablated,120.35416631416108,0.2937499998499536,0.7005902789817708,,0.7056423609869348,11.77430556052261,0.6977430556771449,30.22569443228551,0.6986631950479931,60.26736099040136,0.0
9,best_fixed,88.68750088330772,0.2819444464985281,0.7951388860742251,,0.7403645836360132,10.385416654559473,0.7456944435110523,25.430555648894774,0.7629687483888119,47.40625032223761,0.0
9,evolved,90.4513896536082,0.2819444464985281,0.7893055532075879,,0.7381944443138005,10.472222227447977,0.7437152767916106,25.628472320838934,0.7602604151082536,47.94791697834929,0.0
9,fixed,110.68402773907616,0.2819444464985281,0.7178472225890599,,0.7363715271995817,10.545138912016732,0.7316666660002537,26.833333399974638,0.7284027775620214,54.319444487595725,0.0
9,individual,120.35416631416108,0.2937499998499536,0.7005902789817708,,0.7056423609869348,11.77430556052261,0.6977430556771449,30.22569443228551,0.6986631950479931,60.26736099040136,0.0
9,random,108.94097225559462,0.2819444464985281,0.7251736114732921,,0.7368923600944173,10.524305596223307,0.7323611103360438,26.763888966395623,0.730885416127017,53.82291677459661,0.0
9,scrambled,103.30208359958812,0.2819444464985281,0.7449652770404808,,0.7348958325908623,10.604166696365509,0.7352083323730363,26.479166762696373,0.7396180546945996,52.076389061080086,0.0
9,shuffled,89.96875077744738,0.2819444464985281,0.7891319421016507,,0.7355034720450122,10.57986111819951,0.7413194434277507,25.868055657224936,0.7608159707445238,47.83680585109525,0.0
10,ablated,121.29513848366008,0.2677083339076489,0.7000000010891301,,0.6993055552399406,12.027777790402373,0.6905555562064465,30.944444379355346,0.6940798620977957,61.18402758044087,0.0
10,best_fixed,88.1701398982356,0.23541666898462507,0.800729163373924,,0.7296006938559003,10.815972245763987,0.7421527763880376,25.784722361196245,0.762291664780221,47.54166704395579,0.0
10,evolved,88.84722314050629,0.23541666898462507,0.7971180526798384,,0.7236111107243536,11.055555571025858,0.7374305544757388,26.256944552426123,0.7609374981502899,47.81250036994202,0.0
10,fixed,111.12499993786008,0.23541666898462507,0.7208680559751681,,0.7220486106105253,11.11805557557899,0.7255555553232423,27.44444446767577,0.7248437500364768,55.03124999270464,0.0
10,individual,121.29513848366008,0.2677083339076489,0.7000000010891301,,0.6993055552399406,12.027777790402373,0.6905555562064465,30.944444379355346,0.6940798620977957,61.18402758044087,0.0
10,random,107.4375001881789,0.23541666898462507,0.7338194438747855,,0.724131943742072,11.03472225031712,0.7273263884475454,27.267361155245453,0.7302951384581522,53.94097230836956,0.0
10,scrambled,104.23611131962389,0.23541666898462507,0.746076388313021,,0.7234374999340313,11.062500002638748,0.7272569439658481,27.274305603415186,0.7353298607760936,52.93402784478126,0.0
10,shuffled,86.46527882768876,0.23541666898462507,0.8025347188736002,,0.728645832872846,10.854166685086158,0.7431944430443562,25.680555695564383,0.7668055535785646,46.63888928428706,0.0
11,ablated,121.37499954008187,0.25416666727202636,0.6998263901487614,,0.7051215270702313,11.795138917190748,0.6949652780209564,30.503472197904355,0.6951562508876021,60.968749822479566,0.0
11,best_fixed,87.97569551763848,0.23263889090675446,0.7986458297715419,,0.7319444435545139,10.72222225781944,0.7473263874132601,25.267361258674,0.7644618034039418,47.10763931921166,0.0
11,evolved,88.88194545146285,0.23263889090675446,0.7929513858113852,,0.7237847219609345,11.04861112156262,0.7412847210911827,25.87152789088173,0.7631770812453599,47.36458375092803,0.0
11,fixed,111.40277769338961,0.23263889090675446,0.7188888893410977,,0.728298610509632,10.868055579614722,0.7287152769095782,27.12847230904218,0.7259201385740501,54.81597228518998,0.0
11,individual,121.37499954008187,0.25416666727202636,0.6998263901487614,,0.7051215270702313,11.795138917190748,0.6949652780209564,30.503472197904355,0.6951562508876021,60.968749822479566,0.0
11,random,109.04861113030671,0.23263889090675446,0.7277430556973236,,0.7272569436851578,10.909722252593687,0.729999999034529,27.000000096547108,0.7289930550886008,54.201388982279845,0.0
11,scrambled,105.0104168872349,0.23263889090675446,0.7415277775868566,,0.7250868053266054,10.996527786935783,0.7295486104260717,27.045138957392837,0.7340624993356566,53.187500132868685,0.0
11,shuffled,90.19791755902891,0.23263889090675446,0.7921874971077261,,0.7245659722118742,11.017361111525032,0.739479165777771,26.0520834222229,0.759392359385836,48.12152812283279,0.0
12,ablated,120.88541622351234,0.2524305555400335,0.6982291679596528,,0.6940972223528661,12.236111105885357,0.6922916673434277,30.770833265657227,0.6953645843132916,60.92708313734167,0.0
12,best_fixed,87.74305654042918,0.28923611275644767,0.797083330182876,,0.7328993043370752,10.684027826516992,0.7476041649080192,25.23958350919808,0.7646180536753188,47.076389264936246,0.0
12,evolved,91.7951396224089,0.28923611275644767,0.7856597199622128,,0.7317708320010247,10.729166719959014,0.7442708318044121,25.572916819558788,0.7569965262366976,48.60069475266047,0.0
12,fixed,110.78819436823122,0.28923611275644767,0.717083333999229,,0.7269097215095017,10.92361113961993,0.7286458326193194,27.135416738068063,0.7271527774916549,54.56944450166904,0.0
12,individual,120.88541622351234,0.2524305555400335,0.6982291679596528,,0.6940972223528661,12.236111105885357,0.6922916673434277,30.770833265657227,0.6953645843132916,60.92708313734167,0.0
12,random,106.48611115472805,0.28923611275644767,0.7330902780871837,,0.7283854158465854,10.864583366136584,0.7322916658310634,26.770833416893666,0.733177082927432,53.36458341451362,0.0
12,scrambled,105.4201390576135,0.28923611275644767,0.7345833332096743,,0.7296006932479536,10.815972270081854,0.7343402769287221,26.565972307127797,0.735868054954335,52.82638900913298,0.0
12,shuffled,88.1388898123987,0.28923611275644767,0.793020830443129,,0.7297743044198595,10.809027823205623,0.7440624986102597,25.593750138974023,0.7650347204891861,46.99305590216277,0.0
13,ablated,121.82291617901582,0.19618055571077597,0.6980902793403301,,0.6905381944509119,12.378472221963522,0.6888541674267293,31.114583257327062,0.6903993065391357,61.92013869217286,0.0
13,best_fixed,88.10763987427991,0.21562500261805123,0.79861110778422,,0.727777777336693,10.888888906532278,0.7425694430764351,25.743055692356492,0.7630729148035041,47.38541703929918,0.0
13,evolved,87.35416775077789,0.21562500261805123,0.7973958298926138,,0.7251736108317144,10.993055566731426,0.741493053925741,25.850694607425893,0.7657118032647607,46.85763934704786,0.0
13,fixed,111.5624999596427,0.21562500261805123,0.7155555561262493,,0.7206597218949659,11.173611124201367,0.726944443769753,27.305555623024702,0.7239236108053269,55.215277838934625,0.0
13,individual,121.82291617901582,0.19618055571077597,0.6980902793403301,,0.6905381944509119,12.378472221963522,0.6888541674267293,31.114583257327062,0.6903993065391357,61.92013869217286,0.0
13,random,109.36805562711217,0.21562500261805123,0.7256944444159874,,0.7207465276717104,11.17013889313158,0.7276736104653941,27.232638953460587,0.7268055550961031,54.638888980779384,0.0
13,scrambled,99.2048616347731,0.21562500261805123,0.759131943105927,,0.7230034714965667,11.079861140137332,0.7352777765753369,26.472222342466313,0.7454513874111904,50.90972251776192,0.0
13,shuffled,90.18750094187756,0.21562500261805123,0.7804861085722223,,0.7203993048751727,11.184027804993093,0.7391319431623237,26.08680568376763,0.7644618034323988,47.107639313520245,0.0
14,ablated,120.56249955850136,0.2690972227137536,0.6987152795514299,,0.7026909719893916,11.892361120424336,0.6947222226558046,30.527777734419537,0.6973437506938354,60.531249861232936,0.0
14,best_fixed,87.618056453454,0.2666666676911215,0.7983333305093563,,0.730208332844389,10.79166668622444,0.7440972213917929,25.590277860820706,0.7655034704366699,46.89930591266602,0.0
14,evolved,88.06250095548522,0.2666666676911215,0.7954166637164437,,0.7232638885034248,11.069444459863007,0.739062498885,26.093750111500007,0.7647222201676211,47.05555596647577,0.0
14,fixed,111.00347207186536,0.2666666676911215,0.71774305667366,,0.7256076384607392,10.975694461570432,0.7274305551338734,27.25694448661266,0.7274479164289207,54.51041671421586,0.0
14,individual,120.56249955850136,0.2690972227137536,0.6987152795514299,,0.7026909719893916,11.892361120424336,0.6947222226558046,30.527777734419537,0.6973437506938354,60.531249861232936,0.0
14,random,110.89583322043634,0.2666666676911215,0.7191319454461336,,0.7251736105665461,10.993055577338156,0.7264236105192039,27.35763894807961,0.7264930553113421,54.701388937731586,0.0
14,scrambled,102.29513916678519,0.2666666676911215,0.7502430549926228,,0.7254340272112232,10.98263891155107,0.7320486104581505,26.79513895418495,0.7400347214373242,51.99305571253515,0.0
14,shuffled,87.40277875758086,0.2666666676911215,0.797326385949014,,0.7246527775358926,11.013888898564296,0.7408333322783518,25.916666772164817,0.7666145811633517,46.677083767329655,0.0
15,ablated,120.40624960584358,0.29027777700684965,0.7008680569577135,,0.7065104161738418,11.739583353046328,0.6927777784203903,30.722222157960964,0.6970138898028785,60.597222039424295,0.0
15,best_fixed,87.54861203643183,0.2781250028250118,0.7992013857027308,,0.7380208333035827,10.47916666785669,0.7464236099247096,25.357639007529038,0.7653298595169973,46.93402809660054,0.0
15,evolved,89.74305639560852,0.2781250028250118,0.7924999970632295,,0.7353298606790809,10.586805572836763,0.7421874990816124,25.781250091838753,0.7608854153090053,47.82291693819894,0.0
15,fixed,110.38194437951057,0.2781250028250118,0.7190277783277755,,0.7314236107825612,10.743055568697551,0.7293055552471843,27.06944447528157,0.7286111111105937,54.277777777881255,0.0
15,individual,120.40624960584358,0.29027777700684965,0.7008680569577135,,0.7065104161738418,11.739583353046328,0.6927777784203903,30.722222157960964,0.6970138898028785,60.597222039424295,0.0
15,random,107.29861112906494,0.2781250028250118,0.7308333336039343,,0.7333333329879679,10.666666680481285,0.7319097217482825,26.80902782517175,0.73322916647885,53.35416670423001,0.0
15,scrambled,112.9236109686705,0.2781250028250118,0.7164930561583283,,0.7171006944651405,11.31597222139438,0.7163888890503182,28.361111094968187,0.7179166669194172,56.416666616116544,0.0
15,shuffled,88.58680644331292,0.2781250028250118,0.7943402749279307,,0.7348090273767917,10.607638904928333,0.7431944434298203,25.680555657017976,0.7637673594756051,47.24652810487896,0.0
16,ablated,120.61458287683006,0.2881944443927043,0.7005208345725098,,0.7065972221575471,11.736111113698119,0.6906944452655606,30.93055547344395,0.6967361121270288,60.65277757459424,0.0
16,best_fixed,87.46875091197177,0.28437500196095145,0.800624997411958,,0.7390625003156148,10.437499987375405,0.7427430547541007,25.725694524589926,0.7648958314016151,47.02083371967698,0.0
16,evolved,86.0868065431714,0.28437500196095145,0.8018749971822319,,0.7364583331832869,10.541666672668523,0.7415277768314505,25.847222316854943,0.7690104147121828,46.197917057563444,0.0
16,fixed,111.0069444299572,0.28437500196095145,0.7188194447714422,,0.734374999450261,10.62500002198956,0.7256249996393712,27.43750003606288,0.7274131942630953,54.51736114738095,0.0
16,individual,120.61458287683006,0.2881944443927043,0.7005208345725098,,0.7065972221575471,11.736111113698119,0.6906944452655606,30.93055547344395,0.6967361121270288,60.65277757459424,0.0
16,random,110.86805546087109,0.28437500196095145,0.7209027782082558,,0.733680555325312,10.652777786987523,0.7245138887264249,27.548611127357518,0.7263541666842583,54.729166663148334,0.0
16,scrambled,100.57291697477922,0.28437500196095145,0.7572569433754931,,0.733680555202429,10.652777791902837,0.7291666665476644,27.083333345233566,0.7415972216106538,51.68055567786925,0.0
16,shuffled,88.92708422719605,0.28437500196095145,0.7940277751431697,,0.7349826389626186,10.600694441495257,0.7369791659681747,26.302083403182525,0.7618229149219891,47.635417015602194,0.0
17,ablated,121.50694390914093,0.2552083333592034,0.6987500016551672,,0.6942708330073705,12.229166679705182,0.6910069449959944,30.899305500400562,0.6934375010547229,61.31249978905544,0.0
17,best_fixed,87.52430658658139,0.28958333418187165,0.8017708299267623,,0.7310763884775547,10.75694446089781,0.7473611096541087,25.26388903458913,0.763802081426709,47.23958371465819,0.0
17,evolved,86.54513991800033,0.28958333418187165,0.8020833299029619,,0.7289062497050812,10.843750011796752,0.7464930543572539,25.350694564274615,0.7661979148875818,46.76041702248363,0.0
17,fixed,111.44097202379878,0.28958333418187165,0.7186111120843433,,0.7211805553395405,11.152777786418381,0.7276736108379231,27.232638916207684,0.7249305557757099,55.01388884485803,0.0
17,individual,121.50694390914093,0.2552083333592034,0.6987500016551672,,0.6942708330073705,12.229166679705182,0.6910069449959944,30.899305500400562,0.6934375010547229,61.31249978905544,0.0
17,random,107.31250000082784,0.28958333418187165,0.7342361110521273,,0.7239583328029968,11.041666687880126,0.7311458327083123,26.88541672916876,0.7311979165210182,53.760416695796366,0.0
17,scrambled,105.27430575263377,0.28958333418187165,0.7427777773260863,,0.7202256942530059,11.190972229879764,0.7289930547975625,27.100694520243753,0.7326909715710725,53.46180568578549,0.0
17,shuffled,88.78125093877316,0.28958333418187165,0.796527774621629,,0.7242187499262703,11.031250002949188,0.7417708322767996,25.82291677232004,0.7607291649897686,47.854167002046275,0.0
18,ablated,121.32291610999447,0.2461805559643027,0.7019444458497067,,0.6842881953085048,12.628472187659806,0.6850000011165522,31.49999988834477,0.6927083346139019,61.45833307721963,0.0
18,best_fixed,88.38541753900547,0.22465277879705858,0.798645830889129,,0.7172743059022145,11.30902776391142,0.7370138883021556,26.298611169784433,0.7607291652846874,47.85416694306251,0.0
18,evolved,86.9583343489406,0.22465277879705858,0.7989583303013609,,0.7150173612818536,11.399305548725856,0.7365624991167957,26.343750088320423,0.7645659704317546,47.08680591364909,0.0
18,fixed,111.5312497679972,0.22465277879705858,0.7219097229134706,,0.7119791672125252,11.520833311498993,0.7203124998318445,27.968750016815548,0.7232638892407218,55.347222151855625,0.0
18,individual,121.32291610999447,0.2461805559643027,0.7019444458497067,,0.6842881953085048,12.628472187659806,0.6850000011165522,31.49999988834477,0.6927083346139019,61.45833307721963,0.0
18,random,111.35763864136405,0.22465277879705858,0.7210763895521975,,0.7124131953977566,11.503472184089738,0.7200694446038041,27.99305553961959,0.7240277783233776,55.194444335324484,0.0
18,scrambled,105.78819455346093,0.22465277879705858,0.7409374997330208,,0.7094618058375394,11.621527766498426,0.7213888885608564,27.86111114391436,0.7311631941534061,53.767361169318775,0.0
18,shuffled,89.94444524326052,0.22465277879705858,0.7946527753180513,,0.7129340282343846,11.48263887062462,0.7327777770451374,26.722222295486265,0.7574305541386518,48.51388917226965,0.0
19,ablated,120.86805514499753,0.2572916667494509,0.7028125007145314,,0.7066840285034333,11.732638859862668,0.6927083344147023,30.72916655852977,0.6948784732660795,61.024305346784075,0.0
19,best_fixed,87.8090286666217,0.2510416681309127,0.801215274624216,,0.7374131945155872,10.503472219376514,0.7432986105300693,25.67013894699307,0.763732637415847,47.2534725168306,0.0
19,evolved,86.58680650612547,0.2510416681309127,0.8019444413483143,,0.7338541665295553,10.645833338817788,0.7420486103924405,25.79513896075595,0.7672916649400982,46.54166701198038,0.0
19,fixed,110.92708327108994,0.2510416681309127,0.7209027780789055,,0.7310763891437091,10.756944434251636,0.7270833332634842,27.291666673651587,0.7262152776820585,54.7569444635883,0.0
19,individual,120.86805514499753,0.2572916667494509,0.7028125007145314,,0.7066840285034333,11.732638859862668,0.6927083344147023,30.72916655852977,0.6948784732660795,61.024305346784075,0.0
19,random,109.14236113894731,0.2510416681309127,0.7285416667116806,,0.7319444443694212,10.72222222522315,0.7283680553392817,27.163194466071825,0.7287847219992222,54.24305560015556,0.0
19,scrambled,114.57986092996887,0.2510416681309127,0.7091666670360913,,0.72395833396715,11.041666641313997,0.7178472225011016,28.21527774988984,0.7186111113703293,56.27777772593416,0.0
19,shuffled,86.70833432943456,0.2510416681309127,0.8011805523911284,,0.7333333331949284,10.666666672202862,0.7413541658186458,25.864583418135428,0.7669270815094933,46.61458369810134,0.0
